origin_idx,country,food_category,consumption,co2_emission
0,Argentina,pork,10.51,37.2
1,Argentina,poultry,38.66,41.53
2,Argentina,beef,55.48,1712
3,Argentina,lamb_goat,1.56,54.63
4,Argentina,fish,4.36,6.96
5,Argentina,eggs,11.39,10.46
6,Argentina,dairy,195.08,277.87
7,Argentina,wheat,103.11,19.66
8,Argentina,rice,8.77,11.22
9,Argentina,soybeans,0,0
10,Argentina,nuts,0.49,0.87
11,Australia,pork,24.14,85.44
12,Australia,poultry,46.12,49.54
13,Australia,beef,33.86,1044.85
14,Australia,lamb_goat,9.87,345.65
15,Australia,fish,17.69,28.25
16,Australia,eggs,8.51,7.82
17,Australia,dairy,234.49,334.01
18,Australia,wheat,70.46,13.44
19,Australia,rice,11.03,14.12
20,Australia,soybeans,0.19,0.09
21,Australia,nuts,8.73,15.45
22,Albania,pork,10.88,38.51
23,Albania,poultry,13.23,14.21
24,Albania,beef,22.5,694.3
25,Albania,lamb_goat,15.32,536.5
26,Albania,fish,3.85,6.15
27,Albania,eggs,12.45,11.44
28,Albania,dairy,303.72,432.62
29,Albania,wheat,138.64,26.44
30,Albania,rice,7.78,9.96
31,Albania,soybeans,0,0
32,Albania,nuts,4.36,7.72
33,Iceland,pork,21.69,76.77
34,Iceland,poultry,26.87,28.86
35,Iceland,beef,13.36,412.26
36,Iceland,lamb_goat,21.12,739.62
37,Iceland,fish,74.41,118.81
38,Iceland,eggs,8.24,7.57
39,Iceland,dairy,225.82,321.66
40,Iceland,wheat,72.92,13.91
41,Iceland,rice,3.89,4.98
42,Iceland,soybeans,0.11,0.05
43,Iceland,nuts,3.88,6.87
44,New Zealand,pork,22.29,78.9
45,New Zealand,poultry,34.98,37.58
46,New Zealand,beef,22.49,693.99
47,New Zealand,lamb_goat,18.91,662.23
48,New Zealand,fish,20.36,32.51
49,New Zealand,eggs,9.91,9.1
50,New Zealand,dairy,137.25,195.5
51,New Zealand,wheat,76.91,14.67
52,New Zealand,rice,9.16,11.72
53,New Zealand,soybeans,0.44,0.2
54,New Zealand,nuts,8.22,14.55
55,USA,pork,27.64,97.83
56,USA,poultry,50.01,53.72
57,USA,beef,36.24,1118.29
58,USA,lamb_goat,0.43,15.06
59,USA,fish,12.35,19.72
60,USA,eggs,14.58,13.39
61,USA,dairy,254.69,362.78
62,USA,wheat,80.43,15.34
63,USA,rice,6.88,8.8
64,USA,soybeans,0.04,0.02
65,USA,nuts,7.86,13.91
66,Uruguay,pork,16.84,59.61
67,Uruguay,poultry,27.45,29.49
68,Uruguay,beef,29.1,897.96
69,Uruguay,lamb_goat,8.23,288.21
70,Uruguay,fish,6.53,10.43
71,Uruguay,eggs,13.14,12.07
72,Uruguay,dairy,210.54,299.89
73,Uruguay,wheat,109.31,20.85
74,Uruguay,rice,11.5,14.72
75,Uruguay,soybeans,0.01,0
76,Uruguay,nuts,0.95,1.68
77,Luxembourg,pork,43.58,154.25
78,Luxembourg,poultry,21.37,22.96
79,Luxembourg,beef,29.88,922.03
80,Luxembourg,lamb_goat,1.67,58.48
81,Luxembourg,fish,23.09,36.87
82,Luxembourg,eggs,14.64,13.45
83,Luxembourg,dairy,255.3,363.65
84,Luxembourg,wheat,103.2,19.68
85,Luxembourg,rice,4.2,5.37
86,Luxembourg,soybeans,0.04,0.02
87,Luxembourg,nuts,0.93,1.65
88,Brazil,pork,12.6,44.6
89,Brazil,poultry,45,48.34
90,Brazil,beef,39.25,1211.17
91,Brazil,lamb_goat,0.62,21.71
92,Brazil,fish,10.01,15.98
93,Brazil,eggs,8.98,8.25
94,Brazil,dairy,149.28,212.63
95,Brazil,wheat,53,10.11
96,Brazil,rice,32.13,41.12
97,Brazil,soybeans,3.62,1.63
98,Brazil,nuts,0.67,1.19
99,Kazakhstan,pork,10.36,36.67
100,Kazakhstan,poultry,18.38,19.74
101,Kazakhstan,beef,23.38,721.46
102,Kazakhstan,lamb_goat,9.56,334.79
103,Kazakhstan,fish,5.21,8.32
104,Kazakhstan,eggs,8.29,7.62
105,Kazakhstan,dairy,288.12,410.4
106,Kazakhstan,wheat,92.31,17.6
107,Kazakhstan,rice,7.32,9.37
108,Kazakhstan,soybeans,0.03,0.01
109,Kazakhstan,nuts,5.14,9.1
110,Sweden,pork,37,130.96
111,Sweden,poultry,16.64,17.87
112,Sweden,beef,24.58,758.49
113,Sweden,lamb_goat,1.41,49.38
114,Sweden,fish,23.86,38.1
115,Sweden,eggs,13.37,12.28
116,Sweden,dairy,341.23,486.05
117,Sweden,wheat,79.59,15.18
118,Sweden,rice,5.96,7.63
119,Sweden,soybeans,0.13,0.06
120,Sweden,nuts,6.23,11.03
121,Bermuda,pork,28.24,99.96
122,Bermuda,poultry,32.62,35.04
123,Bermuda,beef,33.15,1022.94
124,Bermuda,lamb_goat,2.71,94.9
125,Bermuda,fish,33.22,53.04
126,Bermuda,eggs,14.92,13.71
127,Bermuda,dairy,95.56,136.12
128,Bermuda,wheat,54.88,10.47
129,Bermuda,rice,5.38,6.88
130,Bermuda,soybeans,0.22,0.1
131,Bermuda,nuts,5.72,10.12
132,Denmark,pork,24.87,88.03
133,Denmark,poultry,26.75,28.73
134,Denmark,beef,28.46,878.22
135,Denmark,lamb_goat,0.92,32.22
136,Denmark,fish,16.49,26.33
137,Denmark,eggs,15.35,14.1
138,Denmark,dairy,277.3,394.99
139,Denmark,wheat,98,18.69
140,Denmark,rice,4.96,6.35
141,Denmark,soybeans,0.03,0.01
142,Denmark,nuts,5.94,10.51
143,Finland,pork,36.14,127.92
144,Finland,poultry,19.87,21.34
145,Finland,beef,19.22,593.09
146,Finland,lamb_goat,0.53,18.56
147,Finland,fish,33.8,53.97
148,Finland,eggs,9.55,8.77
149,Finland,dairy,430.76,613.57
150,Finland,wheat,81.99,15.64
151,Finland,rice,4.42,5.66
152,Finland,soybeans,0.08,0.04
153,Finland,nuts,3.43,6.07
154,Ireland,pork,32.4,114.68
155,Ireland,poultry,26.26,28.21
156,Ireland,beef,22.35,689.67
157,Ireland,lamb_goat,4.1,143.58
158,Ireland,fish,17.39,27.77
159,Ireland,eggs,8.96,8.23
160,Ireland,dairy,291.86,415.73
161,Ireland,wheat,107.98,20.59
162,Ireland,rice,3,3.84
163,Ireland,soybeans,0.25,0.11
164,Ireland,nuts,4.1,7.26
165,Greece,pork,28.31,100.2
166,Greece,poultry,15.74,16.91
167,Greece,beef,16.1,496.81
168,Greece,lamb_goat,12.47,436.7
169,Greece,fish,14.42,23.02
170,Greece,eggs,10.13,9.31
171,Greece,dairy,255.26,363.59
172,Greece,wheat,124.04,23.65
173,Greece,rice,6.64,8.5
174,Greece,soybeans,0.02,0.01
175,Greece,nuts,10.5,18.59
176,France,pork,33.05,116.98
177,France,poultry,22.93,24.63
178,France,beef,23.81,734.73
179,France,lamb_goat,3.28,114.87
180,France,fish,22.91,36.58
181,France,eggs,13.13,12.06
182,France,dairy,241.31,343.72
183,France,wheat,108.43,20.68
184,France,rice,4.88,6.24
185,France,soybeans,0.05,0.02
186,France,nuts,5.39,9.54
187,Canada,pork,22.81,80.74
188,Canada,poultry,36.68,39.4
189,Canada,beef,30.25,933.45
190,Canada,lamb_goat,0.97,33.97
191,Canada,fish,14.56,23.25
192,Canada,eggs,12.95,11.9
193,Canada,dairy,187.77,267.46
194,Canada,wheat,84.96,16.2
195,Canada,rice,12.65,16.19
196,Canada,soybeans,0.94,0.42
197,Canada,nuts,8.01,14.18
198,Norway,pork,23.51,83.21
199,Norway,poultry,21.01,22.57
200,Norway,beef,19.83,611.91
201,Norway,lamb_goat,5.34,187.01
202,Norway,fish,38.18,60.96
203,Norway,eggs,11.41,10.48
204,Norway,dairy,261.34,372.25
205,Norway,wheat,97.12,18.52
206,Norway,rice,4.36,5.58
207,Norway,soybeans,0.11,0.05
208,Norway,nuts,5.28,9.35
209,Hong Kong SAR. China,pork,67.11,237.54
210,Hong Kong SAR. China,poultry,54.86,58.93
211,Hong Kong SAR. China,beef,25.82,796.75
212,Hong Kong SAR. China,lamb_goat,2.22,77.74
213,Hong Kong SAR. China,fish,42.44,67.76
214,Hong Kong SAR. China,eggs,14.5,13.32
215,Hong Kong SAR. China,dairy,105.85,150.77
216,Hong Kong SAR. China,wheat,53.14,10.13
217,Hong Kong SAR. China,rice,43.48,55.64
218,Hong Kong SAR. China,soybeans,2.79,1.26
219,Hong Kong SAR. China,nuts,13.81,24.44
220,French Polynesia,pork,14.75,52.21
221,French Polynesia,poultry,49.55,53.23
222,French Polynesia,beef,30.9,953.51
223,French Polynesia,lamb_goat,2.83,99.11
224,French Polynesia,fish,38.95,62.19
225,French Polynesia,eggs,8.75,8.04
226,French Polynesia,dairy,93.56,133.27
227,French Polynesia,wheat,68.67,13.1
228,French Polynesia,rice,35.59,45.54
229,French Polynesia,soybeans,0.77,0.35
230,French Polynesia,nuts,2.34,4.14
231,Israel,pork,1.99,7.04
232,Israel,poultry,62.5,67.14
233,Israel,beef,28.78,888.09
234,Israel,lamb_goat,1.87,65.49
235,Israel,fish,22.18,35.41
236,Israel,eggs,11.35,10.43
237,Israel,dairy,193.6,275.76
238,Israel,wheat,110.86,21.14
239,Israel,rice,16.81,21.51
240,Israel,soybeans,0.1,0.05
241,Israel,nuts,7.71,13.65
242,Switzerland,pork,31.49,111.46
243,Switzerland,poultry,16.38,17.6
244,Switzerland,beef,21.26,656.04
245,Switzerland,lamb_goat,1.42,49.73
246,Switzerland,fish,13.48,21.52
247,Switzerland,eggs,10.53,9.67
248,Switzerland,dairy,318.69,453.94
249,Switzerland,wheat,89.51,17.07
250,Switzerland,rice,2.43,3.11
251,Switzerland,soybeans,0.44,0.2
252,Switzerland,nuts,9.27,16.41
253,Netherlands,pork,36.36,128.7
254,Netherlands,poultry,23.9,25.67
255,Netherlands,beef,17.67,545.26
256,Netherlands,lamb_goat,0.94,32.92
257,Netherlands,fish,18.64,29.76
258,Netherlands,eggs,14.03,12.89
259,Netherlands,dairy,341.47,486.39
260,Netherlands,wheat,70.17,13.38
261,Netherlands,rice,2.93,3.75
262,Netherlands,soybeans,0.12,0.05
263,Netherlands,nuts,7.94,14.05
264,Kuwait,pork,0,0
265,Kuwait,poultry,53.61,57.59
266,Kuwait,beef,13.03,402.08
267,Kuwait,lamb_goat,15.61,546.66
268,Kuwait,fish,11.99,19.14
269,Kuwait,eggs,12.6,11.57
270,Kuwait,dairy,157.66,224.57
271,Kuwait,wheat,96.76,18.45
272,Kuwait,rice,43.83,56.09
273,Kuwait,soybeans,0.06,0.03
274,Kuwait,nuts,5.23,9.26
275,United Kingdom,pork,25.79,91.28
276,United Kingdom,poultry,31.55,33.89
277,United Kingdom,beef,18.12,559.15
278,United Kingdom,lamb_goat,4.49,157.24
279,United Kingdom,fish,15.49,24.73
280,United Kingdom,eggs,11.08,10.18
281,United Kingdom,dairy,232.2,330.75
282,United Kingdom,wheat,98.63,18.81
283,United Kingdom,rice,6.39,8.18
284,United Kingdom,soybeans,0.05,0.02
285,United Kingdom,nuts,4.18,7.4
286,Austria,pork,52.56,186.04
287,Austria,poultry,18.61,19.99
288,Austria,beef,17.14,528.9
289,Austria,lamb_goat,1.16,40.62
290,Austria,fish,12.16,19.42
291,Austria,eggs,14.68,13.49
292,Austria,dairy,258.09,367.62
293,Austria,wheat,81.1,15.47
294,Austria,rice,3.7,4.73
295,Austria,soybeans,2.06,0.93
296,Austria,nuts,7.88,13.95
297,Oman,pork,0.01,0.04
298,Oman,poultry,31.51,33.85
299,Oman,beef,15.1,465.95
300,Oman,lamb_goat,12.87,450.71
301,Oman,fish,21.56,34.42
302,Oman,eggs,7.8,7.17
303,Oman,dairy,152.28,216.91
304,Oman,wheat,64.1,12.22
305,Oman,rice,56.55,72.37
306,Oman,soybeans,0.21,0.09
307,Oman,nuts,1.68,2.97
308,Italy,pork,40.28,142.57
309,Italy,poultry,18.61,19.99
310,Italy,beef,18.6,573.96
311,Italy,lamb_goat,0.92,32.22
312,Italy,fish,15.6,24.91
313,Italy,eggs,13.34,12.25
314,Italy,dairy,246.88,351.66
315,Italy,wheat,146.37,27.91
316,Italy,rice,5.74,7.35
317,Italy,soybeans,0.01,0
318,Italy,nuts,7.63,13.51
319,Bahamas,pork,32.74,115.88
320,Bahamas,poultry,45.74,49.13
321,Bahamas,beef,19.92,614.69
322,Bahamas,lamb_goat,5.22,182.8
323,Bahamas,fish,18.8,30.02
324,Bahamas,eggs,6.2,5.7
325,Bahamas,dairy,104.76,149.22
326,Bahamas,wheat,39.98,7.62
327,Bahamas,rice,23.97,30.67
328,Bahamas,soybeans,0.09,0.04
329,Bahamas,nuts,4.03,7.13
330,Portugal,pork,37.91,134.18
331,Portugal,poultry,30.14,32.38
332,Portugal,beef,16.45,507.61
333,Portugal,lamb_goat,2.38,83.35
334,Portugal,fish,45.39,72.47
335,Portugal,eggs,9.05,8.31
336,Portugal,dairy,205.04,292.06
337,Portugal,wheat,94.3,17.98
338,Portugal,rice,14.86,19.02
339,Portugal,soybeans,0.01,0
340,Portugal,nuts,3.91,6.92
341,Malta,pork,34.24,121.19
342,Malta,poultry,26.4,28.36
343,Malta,beef,19.22,593.09
344,Malta,lamb_goat,1.19,41.67
345,Malta,fish,24.58,39.25
346,Malta,eggs,11.64,10.69
347,Malta,dairy,190.06,270.72
348,Malta,wheat,139.58,26.62
349,Malta,rice,4.96,6.35
350,Malta,soybeans,0.05,0.02
351,Malta,nuts,5.62,9.95
352,Armenia,pork,9.67,34.23
353,Armenia,poultry,13.35,14.34
354,Armenia,beef,19.66,606.67
355,Armenia,lamb_goat,3.02,105.76
356,Armenia,fish,4.36,6.96
357,Armenia,eggs,11.69,10.74
358,Armenia,dairy,209.03,297.74
359,Armenia,wheat,130.6,24.91
360,Armenia,rice,3.18,4.07
361,Armenia,soybeans,0,0
362,Armenia,nuts,2.55,4.51
363,Slovenia,pork,28.19,99.78
364,Slovenia,poultry,23.46,25.2
365,Slovenia,beef,18.43,568.71
366,Slovenia,lamb_goat,0.79,27.67
367,Slovenia,fish,7.76,12.39
368,Slovenia,eggs,9.36,8.6
369,Slovenia,dairy,235.01,334.75
370,Slovenia,wheat,103.43,19.72
371,Slovenia,rice,3.95,5.05
372,Slovenia,soybeans,0.75,0.34
373,Slovenia,nuts,5.28,9.35
374,Chile,pork,24.68,87.35
375,Chile,poultry,36.52,39.23
376,Chile,beef,23.86,736.27
377,Chile,lamb_goat,0.42,14.71
378,Chile,fish,7.65,12.21
379,Chile,eggs,9.97,9.16
380,Chile,dairy,116.11,165.39
381,Chile,wheat,104.74,19.97
382,Chile,rice,8.85,11.33
383,Chile,soybeans,0.04,0.02
384,Chile,nuts,2.22,3.93
385,Venezuela,pork,7.23,25.59
386,Venezuela,poultry,39.28,42.19
387,Venezuela,beef,25.89,798.91
388,Venezuela,lamb_goat,0.32,11.21
389,Venezuela,fish,8.34,13.32
390,Venezuela,eggs,5.63,5.17
391,Venezuela,dairy,117.79,167.78
392,Venezuela,wheat,49.17,9.38
393,Venezuela,rice,23.39,29.93
394,Venezuela,soybeans,0,0
395,Venezuela,nuts,0.35,0.62
396,Belgium,pork,38.65,136.8
397,Belgium,poultry,12.2,13.11
398,Belgium,beef,15.63,482.31
399,Belgium,lamb_goat,1.32,46.23
400,Belgium,fish,18.97,30.29
401,Belgium,eggs,12.59,11.57
402,Belgium,dairy,236.19,336.43
403,Belgium,wheat,111.91,21.34
404,Belgium,rice,8.61,11.02
405,Belgium,soybeans,0.07,0.03
406,Belgium,nuts,7.32,12.96
407,Germany,pork,51.81,183.38
408,Germany,poultry,17.75,19.07
409,Germany,beef,13.16,406.09
410,Germany,lamb_goat,0.73,25.56
411,Germany,fish,11.16,17.82
412,Germany,eggs,12.2,11.21
413,Germany,dairy,258.7,368.49
414,Germany,wheat,83.41,15.91
415,Germany,rice,3.34,4.27
416,Germany,soybeans,0.88,0.4
417,Germany,nuts,7.96,14.09
418,Russia,pork,25.66,90.82
419,Russia,poultry,27.5,29.54
420,Russia,beef,16.98,523.97
421,Russia,lamb_goat,1.4,49.03
422,Russia,fish,20.82,33.24
423,Russia,eggs,15.43,14.17
424,Russia,dairy,163.57,232.99
425,Russia,wheat,130.99,24.98
426,Russia,rice,4.71,6.03
427,Russia,soybeans,0.05,0.02
428,Russia,nuts,1.62,2.87
429,Croatia,pork,42.79,151.46
430,Croatia,poultry,8.52,9.15
431,Croatia,beef,12.41,382.95
432,Croatia,lamb_goat,1.71,59.88
433,Croatia,fish,15.83,25.28
434,Croatia,eggs,8.48,7.79
435,Croatia,dairy,231.02,329.06
436,Croatia,wheat,106.59,20.33
437,Croatia,rice,2.64,3.38
438,Croatia,soybeans,0,0
439,Croatia,nuts,3.88,6.87
440,Belarus,pork,40.37,142.89
441,Belarus,poultry,31.29,33.61
442,Belarus,beef,17.11,527.98
443,Belarus,lamb_goat,0.11,3.85
444,Belarus,fish,15.75,25.15
445,Belarus,eggs,15.86,14.57
446,Belarus,dairy,133.73,190.49
447,Belarus,wheat,60.48,11.53
448,Belarus,rice,3.17,4.06
449,Belarus,soybeans,0.3,0.14
450,Belarus,nuts,3.36,5.95
451,Spain,pork,48.92,173.15
452,Spain,poultry,28.63,30.75
453,Spain,beef,12.15,374.92
454,Spain,lamb_goat,2.16,75.64
455,Spain,fish,28.83,46.03
456,Spain,eggs,13.32,12.24
457,Spain,dairy,164.29,234.01
458,Spain,wheat,93.88,17.9
459,Spain,rice,8.32,10.65
460,Spain,soybeans,0.02,0.01
461,Spain,nuts,7.44,13.17
462,Paraguay,pork,26.24,92.88
463,Paraguay,poultry,6.39,6.86
464,Paraguay,beef,19.81,611.29
465,Paraguay,lamb_goat,0.56,19.61
466,Paraguay,fish,3.6,5.75
467,Paraguay,eggs,18.83,17.3
468,Paraguay,dairy,75.72,107.86
469,Paraguay,wheat,31.51,6.01
470,Paraguay,rice,4.91,6.28
471,Paraguay,soybeans,0,0
472,Paraguay,nuts,1.6,2.83
473,New Caledonia,pork,19.9,70.44
474,New Caledonia,poultry,44.36,47.65
475,New Caledonia,beef,16.07,495.89
476,New Caledonia,lamb_goat,1.95,68.29
477,New Caledonia,fish,19.38,30.94
478,New Caledonia,eggs,8.85,8.13
479,New Caledonia,dairy,108,153.84
480,New Caledonia,wheat,81.75,15.59
481,New Caledonia,rice,17.47,22.36
482,New Caledonia,soybeans,0.55,0.25
483,New Caledonia,nuts,2.96,5.24
484,South Africa,pork,4.16,14.72
485,South Africa,poultry,37.57,40.36
486,South Africa,beef,18.03,556.37
487,South Africa,lamb_goat,4.28,149.89
488,South Africa,fish,5.56,8.88
489,South Africa,eggs,7.21,6.62
490,South Africa,dairy,55.75,79.41
491,South Africa,wheat,60.13,11.47
492,South Africa,rice,17.41,22.28
493,South Africa,soybeans,1.27,0.57
494,South Africa,nuts,1.04,1.84
495,Barbados,pork,8.3,29.38
496,Barbados,poultry,42.62,45.78
497,Barbados,beef,13.13,405.16
498,Barbados,lamb_goat,4.08,142.88
499,Barbados,fish,37.41,59.73
500,Barbados,eggs,9.61,8.83
501,Barbados,dairy,110.48,157.37
502,Barbados,wheat,65.71,12.53
503,Barbados,rice,15.66,20.04
504,Barbados,soybeans,0.1,0.05
505,Barbados,nuts,4.16,7.36
506,Lithuania,pork,45.67,161.65
507,Lithuania,poultry,26.84,28.83
508,Lithuania,beef,4.49,138.55
509,Lithuania,lamb_goat,0.24,8.4
510,Lithuania,fish,42.39,67.68
511,Lithuania,eggs,13.11,12.04
512,Lithuania,dairy,295.46,420.85
513,Lithuania,wheat,121.59,23.19
514,Lithuania,rice,3.07,3.93
515,Lithuania,soybeans,0.02,0.01
516,Lithuania,nuts,2.13,3.77
517,Turkey,pork,0.01,0.04
518,Turkey,poultry,18.78,20.17
519,Turkey,beef,11.64,359.19
520,Turkey,lamb_goat,4.68,163.89
521,Turkey,fish,5.58,8.91
522,Turkey,eggs,8.2,7.53
523,Turkey,dairy,193.94,276.25
524,Turkey,wheat,169.96,32.41
525,Turkey,rice,10.74,13.74
526,Turkey,soybeans,1.71,0.77
527,Turkey,nuts,7.97,14.11
528,Estonia,pork,29.68,105.05
529,Estonia,poultry,21.11,22.68
530,Estonia,beef,7.19,221.87
531,Estonia,lamb_goat,0.44,15.41
532,Estonia,fish,12.78,20.41
533,Estonia,eggs,12.66,11.63
534,Estonia,dairy,284.85,405.74
535,Estonia,wheat,89.36,17.04
536,Estonia,rice,2.56,3.28
537,Estonia,soybeans,0.04,0.02
538,Estonia,nuts,4.29,7.59
539,Mexico,pork,15.23,53.91
540,Mexico,poultry,30.12,32.35
541,Mexico,beef,15.33,473.05
542,Mexico,lamb_goat,0.89,31.17
543,Mexico,fish,7.56,12.07
544,Mexico,eggs,18.34,16.85
545,Mexico,dairy,111.87,159.35
546,Mexico,wheat,35.21,6.71
547,Mexico,rice,5.64,7.22
548,Mexico,soybeans,0.02,0.01
549,Mexico,nuts,2.51,4.44
550,Costa Rica,pork,10.28,36.39
551,Costa Rica,poultry,24.47,26.29
552,Costa Rica,beef,15.23,469.97
553,Costa Rica,lamb_goat,0.02,0.7
554,Costa Rica,fish,11.32,18.07
555,Costa Rica,eggs,10.55,9.69
556,Costa Rica,dairy,183.28,261.06
557,Costa Rica,wheat,39.31,7.5
558,Costa Rica,rice,45.69,58.47
559,Costa Rica,soybeans,1.54,0.69
560,Costa Rica,nuts,1.38,2.44
561,Bolivia,pork,8.89,31.47
562,Bolivia,poultry,34.31,36.86
563,Bolivia,beef,19.78,610.37
564,Bolivia,lamb_goat,1.72,60.23
565,Bolivia,fish,2.18,3.48
566,Bolivia,eggs,5.18,4.76
567,Bolivia,dairy,46.04,65.58
568,Bolivia,wheat,49.99,9.53
569,Bolivia,rice,26.99,34.54
570,Bolivia,soybeans,0.01,0
571,Bolivia,nuts,9.16,16.21
572,Ecuador,pork,14.44,51.11
573,Ecuador,poultry,21.85,23.47
574,Ecuador,beef,16.61,512.55
575,Ecuador,lamb_goat,0.44,15.41
576,Ecuador,fish,5.17,8.25
577,Ecuador,eggs,8.01,7.36
578,Ecuador,dairy,139.6,198.85
579,Ecuador,wheat,39.19,7.47
580,Ecuador,rice,45.07,57.68
581,Ecuador,soybeans,0,0
582,Ecuador,nuts,0.98,1.73
583,Panama,pork,13.48,47.71
584,Panama,poultry,30.81,33.1
585,Panama,beef,20.4,629.5
586,Panama,lamb_goat,0.01,0.35
587,Panama,fish,11.05,17.64
588,Panama,eggs,4.53,4.16
589,Panama,dairy,70.29,100.12
590,Panama,wheat,38.96,7.43
591,Panama,rice,66.42,85
592,Panama,soybeans,3.53,1.59
593,Panama,nuts,1.05,1.86
594,Czech Republic,pork,41.17,145.72
595,Czech Republic,poultry,19.09,20.51
596,Czech Republic,beef,8.15,251.49
597,Czech Republic,lamb_goat,0.34,11.91
598,Czech Republic,fish,8.25,13.17
599,Czech Republic,eggs,11.66,10.71
600,Czech Republic,dairy,195.2,278.04
601,Czech Republic,wheat,92.67,17.67
602,Czech Republic,rice,4.79,6.13
603,Czech Republic,soybeans,0.82,0.37
604,Czech Republic,nuts,2.47,4.37
605,Romania,pork,25.31,89.58
606,Romania,poultry,15.38,16.52
607,Romania,beef,4.78,147.5
608,Romania,lamb_goat,3.41,119.42
609,Romania,fish,6.07,9.69
610,Romania,eggs,12.94,11.89
611,Romania,dairy,238.33,339.48
612,Romania,wheat,134.87,25.72
613,Romania,rice,2.59,3.31
614,Romania,soybeans,0.01,0
615,Romania,nuts,1.8,3.19
616,Colombia,pork,6.51,23.04
617,Colombia,poultry,27.57,29.62
618,Colombia,beef,16.36,504.84
619,Colombia,lamb_goat,0.21,7.35
620,Colombia,fish,6.01,9.6
621,Colombia,eggs,10.78,9.9
622,Colombia,dairy,108.47,154.5
623,Colombia,wheat,29.79,5.68
624,Colombia,rice,28.02,35.86
625,Colombia,soybeans,0.89,0.4
626,Colombia,nuts,0.42,0.74
627,Maldives,pork,1.22,4.32
628,Maldives,poultry,18.47,19.84
629,Maldives,beef,9.44,291.3
630,Maldives,lamb_goat,0.7,24.51
631,Maldives,fish,179.71,286.94
632,Maldives,eggs,10.79,9.91
633,Maldives,dairy,111.47,158.78
634,Maldives,wheat,77.77,14.83
635,Maldives,rice,50.73,64.92
636,Maldives,soybeans,0.2,0.09
637,Maldives,nuts,15.83,28.02
638,Cyprus,pork,38.38,135.85
639,Cyprus,poultry,24.45,26.26
640,Cyprus,beef,5.79,178.67
641,Cyprus,lamb_goat,5.05,176.85
642,Cyprus,fish,14.86,23.73
643,Cyprus,eggs,8.98,8.25
644,Cyprus,dairy,113.31,161.4
645,Cyprus,wheat,83.25,15.88
646,Cyprus,rice,4.94,6.32
647,Cyprus,soybeans,0.04,0.02
648,Cyprus,nuts,4.6,8.14
649,Serbia,pork,32.04,113.41
650,Serbia,poultry,10.64,11.43
651,Serbia,beef,7.05,217.55
652,Serbia,lamb_goat,3.56,124.67
653,Serbia,fish,5.59,8.93
654,Serbia,eggs,8.89,8.17
655,Serbia,dairy,148.53,211.57
656,Serbia,wheat,105.88,20.19
657,Serbia,rice,1.22,1.56
658,Serbia,soybeans,0,0
659,Serbia,nuts,3.31,5.86
660,United Arab Emirates,pork,0,0
661,United Arab Emirates,poultry,41.04,44.09
662,United Arab Emirates,beef,5.64,174.04
663,United Arab Emirates,lamb_goat,9.08,317.98
664,United Arab Emirates,fish,20.41,32.59
665,United Arab Emirates,eggs,8.23,7.56
666,United Arab Emirates,dairy,132.66,188.96
667,United Arab Emirates,wheat,101.29,19.32
668,United Arab Emirates,rice,56.25,71.98
669,United Arab Emirates,soybeans,0.08,0.04
670,United Arab Emirates,nuts,23.03,40.76
671,Algeria,pork,0,0
672,Algeria,poultry,7.42,7.97
673,Algeria,beef,5.6,172.8
674,Algeria,lamb_goat,7.69,269.3
675,Algeria,fish,3.74,5.97
676,Algeria,eggs,8.06,7.4
677,Algeria,dairy,141.53,201.6
678,Algeria,wheat,185.42,35.36
679,Algeria,rice,2.97,3.8
680,Algeria,soybeans,0,0
681,Algeria,nuts,2.08,3.68
682,Ukraine,pork,20.56,72.77
683,Ukraine,poultry,24.23,26.03
684,Ukraine,beef,8.96,276.49
685,Ukraine,lamb_goat,0.41,14.36
686,Ukraine,fish,15.23,24.32
687,Ukraine,eggs,18.01,16.54
688,Ukraine,dairy,145.03,206.58
689,Ukraine,wheat,105.15,20.05
690,Ukraine,rice,3,3.84
691,Ukraine,soybeans,0.02,0.01
692,Ukraine,nuts,2.68,4.74
693,Pakistan,pork,0,0
694,Pakistan,poultry,5.01,5.38
695,Pakistan,beef,8.82,272.17
696,Pakistan,lamb_goat,2.46,86.15
697,Pakistan,fish,1.87,2.99
698,Pakistan,eggs,2.95,2.71
699,Pakistan,dairy,183.13,260.85
700,Pakistan,wheat,113.63,21.67
701,Pakistan,rice,12.25,15.68
702,Pakistan,soybeans,0,0
703,Pakistan,nuts,0.83,1.47
704,Swaziland,pork,2.43,8.6
705,Swaziland,poultry,6.18,6.64
706,Swaziland,beef,15.1,465.95
707,Swaziland,lamb_goat,1.94,67.94
708,Swaziland,fish,1.26,2.01
709,Swaziland,eggs,1.5,1.38
710,Swaziland,dairy,56.6,80.62
711,Swaziland,wheat,37.15,7.08
712,Swaziland,rice,21.15,27.07
713,Swaziland,soybeans,0.55,0.25
714,Swaziland,nuts,6.44,11.4
715,Latvia,pork,34.96,123.74
716,Latvia,poultry,20.53,22.05
717,Latvia,beef,5.11,157.68
718,Latvia,lamb_goat,0.34,11.91
719,Latvia,fish,21.3,34.01
720,Latvia,eggs,14.03,12.89
721,Latvia,dairy,174.11,248
722,Latvia,wheat,72.13,13.76
723,Latvia,rice,2.21,2.83
724,Latvia,soybeans,0.04,0.02
725,Latvia,nuts,3.78,6.69
726,Bosnia and Herzegovina,pork,9.38,33.2
727,Bosnia and Herzegovina,poultry,13.17,14.15
728,Bosnia and Herzegovina,beef,9.12,281.42
729,Bosnia and Herzegovina,lamb_goat,0.47,16.46
730,Bosnia and Herzegovina,fish,4.06,6.48
731,Bosnia and Herzegovina,eggs,4.49,4.12
732,Bosnia and Herzegovina,dairy,174.03,247.89
733,Bosnia and Herzegovina,wheat,93.56,17.84
734,Bosnia and Herzegovina,rice,1.88,2.41
735,Bosnia and Herzegovina,soybeans,1.48,0.67
736,Bosnia and Herzegovina,nuts,2,3.54
737,Fiji,pork,4.31,15.26
738,Fiji,poultry,20.26,21.76
739,Fiji,beef,8.96,276.49
740,Fiji,lamb_goat,5.9,206.62
741,Fiji,fish,35.01,55.9
742,Fiji,eggs,6.44,5.92
743,Fiji,dairy,40.2,57.26
744,Fiji,wheat,84.22,16.06
745,Fiji,rice,45.62,58.38
746,Fiji,soybeans,0.3,0.14
747,Fiji,nuts,1.3,2.3
748,South Korea,pork,32.76,115.95
749,South Korea,poultry,16,17.19
750,South Korea,beef,14.53,448.37
751,South Korea,lamb_goat,0.14,4.9
752,South Korea,fish,33.09,52.83
753,South Korea,eggs,11.24,10.33
754,South Korea,dairy,29.05,41.38
755,South Korea,wheat,50.84,9.7
756,South Korea,rice,85.18,109
757,South Korea,soybeans,8.35,3.76
758,South Korea,nuts,4.88,8.64
759,Poland,pork,46.19,163.49
760,Poland,poultry,27.41,29.44
761,Poland,beef,2.32,71.59
762,Poland,lamb_goat,0.02,0.7
763,Poland,fish,10.49,16.75
764,Poland,eggs,7.53,6.92
765,Poland,dairy,205.39,292.56
766,Poland,wheat,108.83,20.75
767,Poland,rice,0.95,1.22
768,Poland,soybeans,0.06,0.03
769,Poland,nuts,2.23,3.95
770,Saudi Arabia,pork,0,0
771,Saudi Arabia,poultry,49.05,52.69
772,Saudi Arabia,beef,6.45,199.03
773,Saudi Arabia,lamb_goat,6.54,229.03
774,Saudi Arabia,fish,11.99,19.14
775,Saudi Arabia,eggs,5.37,4.93
776,Saudi Arabia,dairy,83.65,119.15
777,Saudi Arabia,wheat,89.47,17.06
778,Saudi Arabia,rice,36.02,46.09
779,Saudi Arabia,soybeans,0.05,0.02
780,Saudi Arabia,nuts,3.23,5.72
781,Botswana,pork,0.74,2.62
782,Botswana,poultry,5.33,5.73
783,Botswana,beef,7.85,242.23
784,Botswana,lamb_goat,3.76,131.67
785,Botswana,fish,3.98,6.35
786,Botswana,eggs,1.95,1.79
787,Botswana,dairy,117.74,167.71
788,Botswana,wheat,38.2,7.28
789,Botswana,rice,7.06,9.03
790,Botswana,soybeans,1.16,0.52
791,Botswana,nuts,1.08,1.91
792,Macedonia,pork,10.35,36.63
793,Macedonia,poultry,18.77,20.16
794,Macedonia,beef,7.69,237.3
795,Macedonia,lamb_goat,0.94,32.92
796,Macedonia,fish,5.47,8.73
797,Macedonia,eggs,6.38,5.86
798,Macedonia,dairy,157.93,224.96
799,Macedonia,wheat,104.8,19.99
800,Macedonia,rice,2.81,3.6
801,Macedonia,soybeans,0.46,0.21
802,Macedonia,nuts,5.87,10.39
803,Hungary,pork,34.93,123.63
804,Hungary,poultry,23.78,25.54
805,Hungary,beef,4.96,153.06
806,Hungary,lamb_goat,0.11,3.85
807,Hungary,fish,4.93,7.87
808,Hungary,eggs,12.45,11.44
809,Hungary,dairy,159.05,226.55
810,Hungary,wheat,109.98,20.97
811,Hungary,rice,2.15,2.75
812,Hungary,soybeans,0.01,0
813,Hungary,nuts,0.64,1.13
814,Trinidad and Tobago,pork,8.92,31.57
815,Trinidad and Tobago,poultry,58.27,62.59
816,Trinidad and Tobago,beef,6.13,189.16
817,Trinidad and Tobago,lamb_goat,2.79,97.71
818,Trinidad and Tobago,fish,20.54,32.8
819,Trinidad and Tobago,eggs,4.2,3.86
820,Trinidad and Tobago,dairy,103.8,147.85
821,Trinidad and Tobago,wheat,90.17,17.2
822,Trinidad and Tobago,rice,16.38,20.96
823,Trinidad and Tobago,soybeans,0.04,0.02
824,Trinidad and Tobago,nuts,3.78,6.69
825,Tunisia,pork,0,0
826,Tunisia,poultry,18.5,19.87
827,Tunisia,beef,5.53,170.64
828,Tunisia,lamb_goat,5.34,187.01
829,Tunisia,fish,12.63,20.17
830,Tunisia,eggs,7.67,7.05
831,Tunisia,dairy,114.47,163.05
832,Tunisia,wheat,197.5,37.66
833,Tunisia,rice,1.07,1.37
834,Tunisia,soybeans,1.88,0.85
835,Tunisia,nuts,6.34,11.22
836,Egypt,pork,0.02,0.07
837,Egypt,poultry,14.43,15.5
838,Egypt,beef,12.88,397.45
839,Egypt,lamb_goat,1.58,55.33
840,Egypt,fish,21.46,34.26
841,Egypt,eggs,4.59,4.22
842,Egypt,dairy,59.46,84.69
843,Egypt,wheat,146.83,28
844,Egypt,rice,39.77,50.89
845,Egypt,soybeans,0.64,0.29
846,Egypt,nuts,1.82,3.22
847,Mauritius,pork,4.08,14.44
848,Mauritius,poultry,38.51,41.37
849,Mauritius,beef,5.99,184.84
850,Mauritius,lamb_goat,4.08,142.88
851,Mauritius,fish,19.66,31.39
852,Mauritius,eggs,6.32,5.81
853,Mauritius,dairy,117.27,167.04
854,Mauritius,wheat,114.02,21.74
855,Mauritius,rice,45.56,58.3
856,Mauritius,soybeans,0.3,0.14
857,Mauritius,nuts,2.33,4.12
858,Bulgaria,pork,26.26,92.95
859,Bulgaria,poultry,20.68,22.21
860,Bulgaria,beef,3.84,118.49
861,Bulgaria,lamb_goat,1.63,57.08
862,Bulgaria,fish,6.24,9.96
863,Bulgaria,eggs,8.36,7.68
864,Bulgaria,dairy,155.71,221.79
865,Bulgaria,wheat,121.17,23.11
866,Bulgaria,rice,2.24,2.87
867,Bulgaria,soybeans,0.04,0.02
868,Bulgaria,nuts,2.26,4
869,Morocco,pork,0.01,0.04
870,Morocco,poultry,20.77,22.31
871,Morocco,beef,8.04,248.1
872,Morocco,lamb_goat,4.36,152.69
873,Morocco,fish,17.44,27.85
874,Morocco,eggs,6.68,6.14
875,Morocco,dairy,54.68,77.89
876,Morocco,wheat,179.7,34.27
877,Morocco,rice,1.1,1.41
878,Morocco,soybeans,0,0
879,Morocco,nuts,3.23,5.72
880,Slovakia,pork,31.78,112.49
881,Slovakia,poultry,15.13,16.25
882,Slovakia,beef,5.19,160.15
883,Slovakia,lamb_goat,0.16,5.6
884,Slovakia,fish,8.39,13.4
885,Slovakia,eggs,16.05,14.74
886,Slovakia,dairy,143.14,203.89
887,Slovakia,wheat,123.62,23.57
888,Slovakia,rice,2.88,3.69
889,Slovakia,soybeans,0.02,0.01
890,Slovakia,nuts,3.7,6.55
891,Niger,pork,0.09,0.32
892,Niger,poultry,1.08,1.16
893,Niger,beef,8.97,276.8
894,Niger,lamb_goat,4.17,146.03
895,Niger,fish,2.7,4.31
896,Niger,eggs,0.3,0.28
897,Niger,dairy,58.92,83.93
898,Niger,wheat,4.79,0.91
899,Niger,rice,13.17,16.85
900,Niger,soybeans,0,0
901,Niger,nuts,6.95,12.3
902,Kenya,pork,0.29,1.03
903,Kenya,poultry,0.47,0.5
904,Kenya,beef,9.54,294.38
905,Kenya,lamb_goat,1.86,65.14
906,Kenya,fish,4.27,6.82
907,Kenya,eggs,1.84,1.69
908,Kenya,dairy,94.86,135.12
909,Kenya,wheat,34.65,6.61
910,Kenya,rice,12.94,16.56
911,Kenya,soybeans,0.2,0.09
912,Kenya,nuts,1.64,2.9
913,Jordan,pork,0.02,0.07
914,Jordan,poultry,33.39,35.87
915,Jordan,beef,5.61,173.11
916,Jordan,lamb_goat,5.68,198.91
917,Jordan,fish,5.13,8.19
918,Jordan,eggs,3.92,3.6
919,Jordan,dairy,77.68,110.65
920,Jordan,wheat,136.74,26.08
921,Jordan,rice,19.67,25.17
922,Jordan,soybeans,0.02,0.01
923,Jordan,nuts,3.56,6.3
924,Japan,pork,20.62,72.98
925,Japan,poultry,19.42,20.86
926,Japan,beef,9.15,282.35
927,Japan,lamb_goat,0.14,4.9
928,Japan,fish,31.1,49.66
929,Japan,eggs,19.15,17.59
930,Japan,dairy,72.06,102.64
931,Japan,wheat,45.04,8.59
932,Japan,rice,59.85,76.59
933,Japan,soybeans,7.34,3.3
934,Japan,nuts,2.59,4.58
935,Georgia,pork,8.93,31.61
936,Georgia,poultry,12.28,13.19
937,Georgia,beef,6.04,186.38
938,Georgia,lamb_goat,0.63,22.06
939,Georgia,fish,10.42,16.64
940,Georgia,eggs,6.12,5.62
941,Georgia,dairy,149.26,212.61
942,Georgia,wheat,163.43,31.17
943,Georgia,rice,2.64,3.38
944,Georgia,soybeans,0,0
945,Georgia,nuts,2.47,4.37
946,Grenada,pork,11.52,40.78
947,Grenada,poultry,43.51,46.74
948,Grenada,beef,3.46,106.77
949,Grenada,lamb_goat,1.25,43.77
950,Grenada,fish,27.95,44.63
951,Grenada,eggs,10.34,9.5
952,Grenada,dairy,86.88,123.75
953,Grenada,wheat,59.59,11.36
954,Grenada,rice,9.56,12.23
955,Grenada,soybeans,0.01,0
956,Grenada,nuts,0.18,0.32
957,El Salvador,pork,3.23,11.43
958,El Salvador,poultry,19.84,21.31
959,El Salvador,beef,5.95,183.6
960,El Salvador,lamb_goat,0.02,0.7
961,El Salvador,fish,6.25,9.98
962,El Salvador,eggs,9.51,8.74
963,El Salvador,dairy,124.34,177.11
964,El Salvador,wheat,28.19,5.38
965,El Salvador,rice,10.53,13.48
966,El Salvador,soybeans,0.8,0.36
967,El Salvador,nuts,1.1,1.95
968,Cuba,pork,19.82,70.15
969,Cuba,poultry,20.15,21.65
970,Cuba,beef,6.39,197.18
971,Cuba,lamb_goat,1.24,43.42
972,Cuba,fish,4.76,7.6
973,Cuba,eggs,9.82,9.02
974,Cuba,dairy,99.94,142.35
975,Cuba,wheat,54.62,10.42
976,Cuba,rice,67.7,86.64
977,Cuba,soybeans,6.34,2.85
978,Cuba,nuts,0.23,0.41
979,China,pork,38.43,136.02
980,China,poultry,13.2,14.18
981,China,beef,5.12,157.99
982,China,lamb_goat,3.13,109.61
983,China,fish,21.01,33.55
984,China,eggs,18.76,17.23
985,China,dairy,32.66,46.52
986,China,wheat,63.36,12.08
987,China,rice,78.18,100.05
988,China,soybeans,3.66,1.65
989,China,nuts,6.39,11.31
990,Honduras,pork,6.48,22.94
991,Honduras,poultry,20.29,21.8
992,Honduras,beef,7.19,221.87
993,Honduras,lamb_goat,0.04,1.4
994,Honduras,fish,2.7,4.31
995,Honduras,eggs,5.19,4.77
996,Honduras,dairy,91.33,130.09
997,Honduras,wheat,37.36,7.12
998,Honduras,rice,14.42,18.45
999,Honduras,soybeans,0.01,0
1000,Honduras,nuts,0.75,1.33
1001,Taiwan. ROC,pork,39.37,139.35
1002,Taiwan. ROC,poultry,32.13,34.51
1003,Taiwan. ROC,beef,5.21,160.77
1004,Taiwan. ROC,lamb_goat,0.92,32.22
1005,Taiwan. ROC,fish,18.29,29.2
1006,Taiwan. ROC,eggs,13.08,12.02
1007,Taiwan. ROC,dairy,41.72,59.43
1008,Taiwan. ROC,wheat,50.92,9.71
1009,Taiwan. ROC,rice,45.85,58.67
1010,Taiwan. ROC,soybeans,16.95,7.63
1011,Taiwan. ROC,nuts,9.06,16.04
1012,Angola,pork,8.89,31.47
1013,Angola,poultry,17.33,18.62
1014,Angola,beef,8.42,259.82
1015,Angola,lamb_goat,1.08,37.82
1016,Angola,fish,15.24,24.33
1017,Angola,eggs,1.11,1.02
1018,Angola,dairy,12.3,17.52
1019,Angola,wheat,40.72,7.77
1020,Angola,rice,8.12,10.39
1021,Angola,soybeans,0.52,0.23
1022,Angola,nuts,2.26,4
1023,Jamaica,pork,3.99,14.12
1024,Jamaica,poultry,52.51,56.41
1025,Jamaica,beef,3.97,122.51
1026,Jamaica,lamb_goat,1.26,44.13
1027,Jamaica,fish,21.95,35.05
1028,Jamaica,eggs,2.27,2.09
1029,Jamaica,dairy,91.13,129.81
1030,Jamaica,wheat,70.67,13.48
1031,Jamaica,rice,23.45,30.01
1032,Jamaica,soybeans,0,0
1033,Jamaica,nuts,1.82,3.22
1034,Namibia,pork,4.21,14.9
1035,Namibia,poultry,12.19,13.09
1036,Namibia,beef,3.75,115.72
1037,Namibia,lamb_goat,2.27,79.5
1038,Namibia,fish,10.7,17.08
1039,Namibia,eggs,1.63,1.5
1040,Namibia,dairy,73.05,104.05
1041,Namibia,wheat,36.26,6.91
1042,Namibia,rice,6.31,8.07
1043,Namibia,soybeans,0.07,0.03
1044,Namibia,nuts,0.71,1.26
1045,Belize,pork,16.8,59.46
1046,Belize,poultry,28.31,30.41
1047,Belize,beef,4.86,149.97
1048,Belize,lamb_goat,0.14,4.9
1049,Belize,fish,7.57,12.09
1050,Belize,eggs,4.85,4.46
1051,Belize,dairy,80.3,114.38
1052,Belize,wheat,54.06,10.31
1053,Belize,rice,28.42,36.37
1054,Belize,soybeans,1.88,0.85
1055,Belize,nuts,5.58,9.88
1056,Malaysia,pork,7.76,27.47
1057,Malaysia,poultry,41.01,44.05
1058,Malaysia,beef,6.52,201.19
1059,Malaysia,lamb_goat,0.94,32.92
1060,Malaysia,fish,49.43,78.92
1061,Malaysia,eggs,16.57,15.22
1062,Malaysia,dairy,25.28,36.01
1063,Malaysia,wheat,51.04,9.73
1064,Malaysia,rice,81.25,103.98
1065,Malaysia,soybeans,0.04,0.02
1066,Malaysia,nuts,2.9,5.13
1067,Zimbabwe,pork,2.65,9.38
1068,Zimbabwe,poultry,4.97,5.34
1069,Zimbabwe,beef,7.37,227.42
1070,Zimbabwe,lamb_goat,0.96,33.62
1071,Zimbabwe,fish,2.8,4.47
1072,Zimbabwe,eggs,1.75,1.61
1073,Zimbabwe,dairy,31.9,45.44
1074,Zimbabwe,wheat,31.31,5.97
1075,Zimbabwe,rice,10.09,12.91
1076,Zimbabwe,soybeans,0.54,0.24
1077,Zimbabwe,nuts,2.22,3.93
1078,Guatemala,pork,4.85,17.17
1079,Guatemala,poultry,16.45,17.67
1080,Guatemala,beef,5.6,172.8
1081,Guatemala,lamb_goat,0.23,8.05
1082,Guatemala,fish,1.08,1.72
1083,Guatemala,eggs,14.61,13.42
1084,Guatemala,dairy,46.6,66.38
1085,Guatemala,wheat,35.9,6.85
1086,Guatemala,rice,5.66,7.24
1087,Guatemala,soybeans,0.32,0.14
1088,Guatemala,nuts,2,3.54
1089,Uganda,pork,3.37,11.93
1090,Uganda,poultry,1.51,1.62
1091,Uganda,beef,5.15,158.92
1092,Uganda,lamb_goat,1.25,43.77
1093,Uganda,fish,12.5,19.96
1094,Uganda,eggs,0.97,0.89
1095,Uganda,dairy,37.27,53.09
1096,Uganda,wheat,10.14,1.93
1097,Uganda,rice,4.64,5.94
1098,Uganda,soybeans,0.01,0
1099,Uganda,nuts,3.77,6.67
1100,Nepal,pork,0.67,2.37
1101,Nepal,poultry,1.56,1.68
1102,Nepal,beef,7.89,243.47
1103,Nepal,lamb_goat,2.1,73.54
1104,Nepal,fish,2.17,3.46
1105,Nepal,eggs,1.42,1.3
1106,Nepal,dairy,52.1,74.21
1107,Nepal,wheat,50.46,9.62
1108,Nepal,rice,87.75,112.29
1109,Nepal,soybeans,0.01,0
1110,Nepal,nuts,2.42,4.28
1111,Iran,pork,0,0
1112,Iran,poultry,25.38,27.26
1113,Iran,beef,3.58,110.47
1114,Iran,lamb_goat,3.69,129.22
1115,Iran,fish,9.8,15.65
1116,Iran,eggs,7.7,7.07
1117,Iran,dairy,46.69,66.51
1118,Iran,wheat,153.31,29.24
1119,Iran,rice,29.95,38.33
1120,Iran,soybeans,0,0
1121,Iran,nuts,12.16,21.52
1122,Tanzania,pork,0.32,1.13
1123,Tanzania,poultry,1.84,1.98
1124,Tanzania,beef,6.09,187.92
1125,Tanzania,lamb_goat,1.28,44.83
1126,Tanzania,fish,5.5,8.78
1127,Tanzania,eggs,0.58,0.53
1128,Tanzania,dairy,40.29,57.39
1129,Tanzania,wheat,15.94,3.04
1130,Tanzania,rice,21.01,26.89
1131,Tanzania,soybeans,0.04,0.02
1132,Tanzania,nuts,5.94,10.51
1133,Senegal,pork,0.94,3.33
1134,Senegal,poultry,4.62,4.96
1135,Senegal,beef,5.85,180.52
1136,Senegal,lamb_goat,3.19,111.71
1137,Senegal,fish,22.94,36.63
1138,Senegal,eggs,1.63,1.5
1139,Senegal,dairy,16.86,24.02
1140,Senegal,wheat,37.32,7.12
1141,Senegal,rice,72.29,92.51
1142,Senegal,soybeans,0,0
1143,Senegal,nuts,4.03,7.13
1144,Peru,pork,3.85,13.63
1145,Peru,poultry,11.72,12.59
1146,Peru,beef,4.69,144.72
1147,Peru,lamb_goat,1,35.02
1148,Peru,fish,15.74,25.13
1149,Peru,eggs,8.76,8.05
1150,Peru,dairy,62.15,88.53
1151,Peru,wheat,56.12,10.7
1152,Peru,rice,48.92,62.6
1153,Peru,soybeans,1.59,0.72
1154,Peru,nuts,0.65,1.15
1155,Nicaragua,pork,3.38,11.96
1156,Nicaragua,poultry,21.31,22.89
1157,Nicaragua,beef,4.73,145.96
1158,Nicaragua,lamb_goat,0.01,0.35
1159,Nicaragua,fish,3.59,5.73
1160,Nicaragua,eggs,4.9,4.5
1161,Nicaragua,dairy,85.16,121.3
1162,Nicaragua,wheat,28.17,5.37
1163,Nicaragua,rice,43.33,55.45
1164,Nicaragua,soybeans,0.01,0
1165,Nicaragua,nuts,2.36,4.18
1166,Vietnam,pork,35,123.88
1167,Vietnam,poultry,12.36,13.28
1168,Vietnam,beef,7.44,229.58
1169,Vietnam,lamb_goat,0.14,4.9
1170,Vietnam,fish,26.52,42.34
1171,Vietnam,eggs,3.84,3.53
1172,Vietnam,dairy,16.36,23.3
1173,Vietnam,wheat,10.49,2
1174,Vietnam,rice,144.56,184.99
1175,Vietnam,soybeans,5.75,2.59
1176,Vietnam,nuts,6.28,11.12
1177,Ethiopia,pork,0.02,0.07
1178,Ethiopia,poultry,0.66,0.71
1179,Ethiopia,beef,3.61,111.4
1180,Ethiopia,lamb_goat,1.57,54.98
1181,Ethiopia,fish,0.24,0.38
1182,Ethiopia,eggs,0.36,0.33
1183,Ethiopia,dairy,44.14,62.87
1184,Ethiopia,wheat,31.26,5.96
1185,Ethiopia,rice,2.25,2.88
1186,Ethiopia,soybeans,0.45,0.2
1187,Ethiopia,nuts,1.21,2.14
1188,Myanmar,pork,11.31,40.03
1189,Myanmar,poultry,21.87,23.49
1190,Myanmar,beef,4.94,152.44
1191,Myanmar,lamb_goat,0.89,31.17
1192,Myanmar,fish,54.26,86.64
1193,Myanmar,eggs,6.45,5.92
1194,Myanmar,dairy,31.48,44.84
1195,Myanmar,wheat,6.22,1.19
1196,Myanmar,rice,132.8,169.94
1197,Myanmar,soybeans,0.38,0.17
1198,Myanmar,nuts,4.5,7.97
1199,Congo,pork,2.39,8.46
1200,Congo,poultry,13.02,13.99
1201,Congo,beef,4.35,134.23
1202,Congo,lamb_goat,0.4,14.01
1203,Congo,fish,26.22,41.86
1204,Congo,eggs,0.6,0.55
1205,Congo,dairy,10.69,15.23
1206,Congo,wheat,40.07,7.64
1207,Congo,rice,16.51,21.13
1208,Congo,soybeans,0,0
1209,Congo,nuts,3.08,5.45
1210,Zambia,pork,1.66,5.88
1211,Zambia,poultry,3.29,3.53
1212,Zambia,beef,4.76,146.88
1213,Zambia,lamb_goat,0.68,23.81
1214,Zambia,fish,6.2,9.9
1215,Zambia,eggs,3.32,3.05
1216,Zambia,dairy,9.71,13.83
1217,Zambia,wheat,12.1,2.31
1218,Zambia,rice,3.05,3.9
1219,Zambia,soybeans,7.3,3.29
1220,Zambia,nuts,5.04,8.92
1221,Cameroon,pork,1.47,5.2
1222,Cameroon,poultry,3.29,3.53
1223,Cameroon,beef,4.17,128.68
1224,Cameroon,lamb_goat,1.4,49.03
1225,Cameroon,fish,14.71,23.49
1226,Cameroon,eggs,0.4,0.37
1227,Cameroon,dairy,15.27,21.75
1228,Cameroon,wheat,22.6,4.31
1229,Cameroon,rice,23.85,30.52
1230,Cameroon,soybeans,0.64,0.29
1231,Cameroon,nuts,9.29,16.44
1232,Madagascar,pork,2.56,9.06
1233,Madagascar,poultry,3.14,3.37
1234,Madagascar,beef,7.51,231.74
1235,Madagascar,lamb_goat,0.57,19.96
1236,Madagascar,fish,4.41,7.04
1237,Madagascar,eggs,0.71,0.65
1238,Madagascar,dairy,24.84,35.38
1239,Madagascar,wheat,9.01,1.72
1240,Madagascar,rice,102.53,131.21
1241,Madagascar,soybeans,0,0
1242,Madagascar,nuts,0.35,0.62
1243,Malawi,pork,5.45,19.29
1244,Malawi,poultry,1.38,1.48
1245,Malawi,beef,2.35,72.52
1246,Malawi,lamb_goat,2.07,72.49
1247,Malawi,fish,7.33,11.7
1248,Malawi,eggs,1.08,0.99
1249,Malawi,dairy,7.98,11.37
1250,Malawi,wheat,11.77,2.24
1251,Malawi,rice,4.75,6.08
1252,Malawi,soybeans,1.76,0.79
1253,Malawi,nuts,5.08,8.99
1254,Guinea,pork,0.16,0.57
1255,Guinea,poultry,1.83,1.97
1256,Guinea,beef,6.26,193.17
1257,Guinea,lamb_goat,1.6,56.03
1258,Guinea,fish,9.18,14.66
1259,Guinea,eggs,1.95,1.79
1260,Guinea,dairy,20.62,29.37
1261,Guinea,wheat,18.55,3.54
1262,Guinea,rice,97.12,124.28
1263,Guinea,soybeans,0,0
1264,Guinea,nuts,4.14,7.33
1265,Nigeria,pork,1.47,5.2
1266,Nigeria,poultry,1.73,1.86
1267,Nigeria,beef,2.33,71.9
1268,Nigeria,lamb_goat,2.72,95.25
1269,Nigeria,fish,16.03,25.59
1270,Nigeria,eggs,3.46,3.18
1271,Nigeria,dairy,7.91,11.27
1272,Nigeria,wheat,20.82,3.97
1273,Nigeria,rice,28.23,36.13
1274,Nigeria,soybeans,2.6,1.17
1275,Nigeria,nuts,6.93,12.27
1276,Rwanda,pork,0.76,2.69
1277,Rwanda,poultry,1.34,1.44
1278,Rwanda,beef,2.53,78.07
1279,Rwanda,lamb_goat,1.93,67.59
1280,Rwanda,fish,3.88,6.2
1281,Rwanda,eggs,0.16,0.15
1282,Rwanda,dairy,7.23,10.3
1283,Rwanda,wheat,11.34,2.16
1284,Rwanda,rice,8.7,11.13
1285,Rwanda,soybeans,1.93,0.87
1286,Rwanda,nuts,0.58,1.03
1287,Philippines,pork,18.4,65.13
1288,Philippines,poultry,11.91,12.79
1289,Philippines,beef,4.06,125.28
1290,Philippines,lamb_goat,0.56,19.61
1291,Philippines,fish,28.51,45.52
1292,Philippines,eggs,4.02,3.69
1293,Philippines,dairy,15.66,22.31
1294,Philippines,wheat,23.12,4.41
1295,Philippines,rice,119.44,152.85
1296,Philippines,soybeans,0.03,0.01
1297,Philippines,nuts,2.08,3.68
1298,Ghana,pork,1.36,4.81
1299,Ghana,poultry,8.63,9.27
1300,Ghana,beef,1.09,33.64
1301,Ghana,lamb_goat,1.74,60.93
1302,Ghana,fish,26.05,41.59
1303,Ghana,eggs,1.21,1.11
1304,Ghana,dairy,9.08,12.93
1305,Ghana,wheat,14.45,2.76
1306,Ghana,rice,32.03,40.99
1307,Ghana,soybeans,0.01,0
1308,Ghana,nuts,5.56,9.84
1309,Togo,pork,1.57,5.56
1310,Togo,poultry,6.63,7.12
1311,Togo,beef,1.53,47.21
1312,Togo,lamb_goat,1.58,55.33
1313,Togo,fish,11.69,18.67
1314,Togo,eggs,0.86,0.79
1315,Togo,dairy,7.96,11.34
1316,Togo,wheat,12.91,2.46
1317,Togo,rice,25.99,33.26
1318,Togo,soybeans,0.01,0
1319,Togo,nuts,3.59,6.35
1320,Gambia,pork,0.18,0.64
1321,Gambia,poultry,2.66,2.86
1322,Gambia,beef,2.16,66.65
1323,Gambia,lamb_goat,0.71,24.86
1324,Gambia,fish,23.13,36.93
1325,Gambia,eggs,0.99,0.91
1326,Gambia,dairy,45.71,65.11
1327,Gambia,wheat,37.91,7.23
1328,Gambia,rice,61.84,79.14
1329,Gambia,soybeans,0,0
1330,Gambia,nuts,5.27,9.33
1331,India,pork,0.28,0.99
1332,India,poultry,1.88,2.02
1333,India,beef,0.81,24.99
1334,India,lamb_goat,0.58,20.31
1335,India,fish,4.71,7.52
1336,India,eggs,2.58,2.37
1337,India,dairy,84.5,120.36
1338,India,wheat,60.56,11.55
1339,India,rice,69.49,88.93
1340,India,soybeans,0.39,0.18
1341,India,nuts,1.92,3.4
1342,Thailand,pork,13,46.01
1343,Thailand,poultry,13.69,14.71
1344,Thailand,beef,2.56,79
1345,Thailand,lamb_goat,0.05,1.75
1346,Thailand,fish,19.45,31.06
1347,Thailand,eggs,12.35,11.34
1348,Thailand,dairy,29.35,41.81
1349,Thailand,wheat,10.93,2.08
1350,Thailand,rice,114.57,146.62
1351,Thailand,soybeans,2.13,0.96
1352,Thailand,nuts,1.5,2.66
1353,Mozambique,pork,5.13,18.16
1354,Mozambique,poultry,1.41,1.51
1355,Mozambique,beef,1.04,32.09
1356,Mozambique,lamb_goat,0.9,31.52
1357,Mozambique,fish,7.74,12.36
1358,Mozambique,eggs,1.7,1.56
1359,Mozambique,dairy,4.79,6.82
1360,Mozambique,wheat,14.65,2.79
1361,Mozambique,rice,23.41,29.96
1362,Mozambique,soybeans,0.03,0.01
1363,Mozambique,nuts,2.61,4.62
1364,Cambodia,pork,6.52,23.08
1365,Cambodia,poultry,1.84,1.98
1366,Cambodia,beef,4.85,149.66
1367,Cambodia,lamb_goat,0,0
1368,Cambodia,fish,39.59,63.21
1369,Cambodia,eggs,1.37,1.26
1370,Cambodia,dairy,3.47,4.94
1371,Cambodia,wheat,2.74,0.52
1372,Cambodia,rice,159.1,203.6
1373,Cambodia,soybeans,4.33,1.95
1374,Cambodia,nuts,1.25,2.21
1375,Sierra Leone,pork,1.22,4.32
1376,Sierra Leone,poultry,4.97,5.34
1377,Sierra Leone,beef,1.99,61.41
1378,Sierra Leone,lamb_goat,0.65,22.76
1379,Sierra Leone,fish,32.03,51.14
1380,Sierra Leone,eggs,1.92,1.76
1381,Sierra Leone,dairy,7,9.97
1382,Sierra Leone,wheat,8.72,1.66
1383,Sierra Leone,rice,103.3,132.19
1384,Sierra Leone,soybeans,0,0
1385,Sierra Leone,nuts,5.57,9.86
1386,Sri Lanka,pork,0.05,0.18
1387,Sri Lanka,poultry,4.96,5.33
1388,Sri Lanka,beef,1.38,42.58
1389,Sri Lanka,lamb_goat,0.09,3.15
1390,Sri Lanka,fish,24.92,39.79
1391,Sri Lanka,eggs,4.57,4.2
1392,Sri Lanka,dairy,34.98,49.83
1393,Sri Lanka,wheat,37.01,7.06
1394,Sri Lanka,rice,109.72,140.41
1395,Sri Lanka,soybeans,0,0
1396,Sri Lanka,nuts,1.09,1.93
1397,Indonesia,pork,2.98,10.55
1398,Indonesia,poultry,7.5,8.06
1399,Indonesia,beef,2.59,79.92
1400,Indonesia,lamb_goat,0.46,16.11
1401,Indonesia,fish,25.65,40.95
1402,Indonesia,eggs,4.88,4.48
1403,Indonesia,dairy,14.82,21.11
1404,Indonesia,wheat,25.45,4.85
1405,Indonesia,rice,134.62,172.27
1406,Indonesia,soybeans,1.12,0.5
1407,Indonesia,nuts,4.92,8.71
1408,Liberia,pork,4.01,14.19
1409,Liberia,poultry,8.91,9.57
1410,Liberia,beef,0.78,24.07
1411,Liberia,lamb_goat,0.48,16.81
1412,Liberia,fish,4.13,6.59
1413,Liberia,eggs,2.05,1.88
1414,Liberia,dairy,3.04,4.33
1415,Liberia,wheat,10.95,2.09
1416,Liberia,rice,94.75,121.25
1417,Liberia,soybeans,0.63,0.28
1418,Liberia,nuts,1.31,2.32
1419,Bangladesh,pork,0,0
1420,Bangladesh,poultry,1.4,1.5
1421,Bangladesh,beef,1.28,39.5
1422,Bangladesh,lamb_goat,1.33,46.58
1423,Bangladesh,fish,18.07,28.85
1424,Bangladesh,eggs,2.08,1.91
1425,Bangladesh,dairy,21.91,31.21
1426,Bangladesh,wheat,17.47,3.33
1427,Bangladesh,rice,171.73,219.76
1428,Bangladesh,soybeans,0.61,0.27
1429,Bangladesh,nuts,0.72,1.27
